id,name,price,url,source,raw_source_page,raw_api_page
1564405684702552391,1st Pharma Isopropyl Alcohol 70% Solution with Green Tea Extract | 500ml,94.0,,https://api.freshop.ncrcloud.com/1/products?app_key=walter_mart&fields=id%2Cidentifier%2Cattribution_token%2Creference_id%2Creference_ids%2Cupc%2Cname%2Cstore_id%2Cdepartment_id%2Csize%2Ccover_image%2Cprice%2Csale_price%2Csale_price_md%2Csale_start_date%2Csale_finish_date%2Cprice_disclaimer%2Csale_price_disclaimer%2Cis_favorite%2Crelevance%2Cpopularity%2Cshopper_walkpath%2Cfulfillment_walkpath%2Cquantity_step%2Cquantity_minimum%2Cquantity_initial%2Cquantity_label%2Cquantity_label_singular%2Cvarieties%2Cquantity_size_ratio_description%2Cstatus%2Cstatus_id%2Csale_configuration_type_id%2Cfulfillment_type_id%2Cfulfillment_type_ids%2Cother_attributes%2Cclippable_offer%2Cslot_message%2Ccall_out%2Chas_featured_offer%2Ctax_class_label%2Cpromotion_text%2Csale_offer%2Cstore_card_required%2Caverage_rating%2Creview_count%2Clike_code%2Cshelf_tag_ids%2Coffers%2Cis_place_holder_cover_image%2Cvideo_config%2Cenforce_product_inventory%2Cdisallow_adding_to_cart%2Csubstitution_type_ids%2Cunit_price%2Coffer_sale_price%2Ccanonical_url%2Coffered_together%2Csequence&include_offered_together=true&limit=48&name_sort=asc&render_id=1758971969353&sort=name&store_id=2052&token=923883b902b468b0b9ec35e08dfa33fd,,
1564405684711450686,1st Pharma Isopropyl Alcohol 70% Solution with Guava Extract | 1L,209.0,,https://api.freshop.ncrcloud.com/1/products?app_key=walter_mart&fields=id%2Cidentifier%2Cattribution_token%2Creference_id%2Creference_ids%2Cupc%2Cname%2Cstore_id%2Cdepartment_id%2Csize%2Ccover_image%2Cprice%2Csale_price%2Csale_price_md%2Csale_start_date%2Csale_finish_date%2Cprice_disclaimer%2Csale_price_disclaimer%2Cis_favorite%2Crelevance%2Cpopularity%2Cshopper_walkpath%2Cfulfillment_walkpath%2Cquantity_step%2Cquantity_minimum%2Cquantity_initial%2Cquantity_label%2Cquantity_label_singular%2Cvarieties%2Cquantity_size_ratio_description%2Cstatus%2Cstatus_id%2Csale_configuration_type_id%2Cfulfillment_type_id%2Cfulfillment_type_ids%2Cother_attributes%2Cclippable_offer%2Cslot_message%2Ccall_out%2Chas_featured_offer%2Ctax_class_label%2Cpromotion_text%2Csale_offer%2Cstore_card_required%2Caverage_rating%2Creview_count%2Clike_code%2Cshelf_tag_ids%2Coffers%2Cis_place_holder_cover_image%2Cvideo_config%2Cenforce_product_inventory%2Cdisallow_adding_to_cart%2Csubstitution_type_ids%2Cunit_price%2Coffer_sale_price%2Ccanonical_url%2Coffered_together%2Csequence&include_offered_together=true&limit=48&name_sort=asc&render_id=1758971969353&sort=name&store_id=2052&token=923883b902b468b0b9ec35e08dfa33fd,,
1564405684702552389,1st Pharma Isopropyl Alcohol 70% Solution with Guava Extract | 500ml,94.0,,https://api.freshop.ncrcloud.com/1/products?app_key=walter_mart&fields=id%2Cidentifier%2Cattribution_token%2Creference_id%2Creference_ids%2Cupc%2Cname%2Cstore_id%2Cdepartment_id%2Csize%2Ccover_image%2Cprice%2Csale_price%2Csale_price_md%2Csale_start_date%2Csale_finish_date%2Cprice_disclaimer%2Csale_price_disclaimer%2Cis_favorite%2Crelevance%2Cpopularity%2Cshopper_walkpath%2Cfulfillment_walkpath%2Cquantity_step%2Cquantity_minimum%2Cquantity_initial%2Cquantity_label%2Cquantity_label_singular%2Cvarieties%2Cquantity_size_ratio_description%2Cstatus%2Cstatus_id%2Csale_configuration_type_id%2Cfulfillment_type_id%2Cfulfillment_type_ids%2Cother_attributes%2Cclippable_offer%2Cslot_message%2Ccall_out%2Chas_featured_offer%2Ctax_class_label%2Cpromotion_text%2Csale_offer%2Cstore_card_required%2Caverage_rating%2Creview_count%2Clike_code%2Cshelf_tag_ids%2Coffers%2Cis_place_holder_cover_image%2Cvideo_config%2Cenforce_product_inventory%2Cdisallow_adding_to_cart%2Csubstitution_type_ids%2Cunit_price%2Coffer_sale_price%2Ccanonical_url%2Coffered_together%2Csequence&include_offered_together=true&limit=48&name_sort=asc&render_id=1758971969353&sort=name&store_id=2052&token=923883b902b468b0b9ec35e08dfa33fd,,
1564405684711450687,1st Pharma Isopropyl Alcohol 70% Solution with Lemon Extract | 1L,209.0,,https://api.freshop.ncrcloud.com/1/products?app_key=walter_mart&fields=id%2Cidentifier%2Cattribution_token%2Creference_id%2Creference_ids%2Cupc%2Cname%2Cstore_id%2Cdepartment_id%2Csize%2Ccover_image%2Cprice%2Csale_price%2Csale_price_md%2Csale_start_date%2Csale_finish_date%2Cprice_disclaimer%2Csale_price_disclaimer%2Cis_favorite%2Crelevance%2Cpopularity%2Cshopper_walkpath%2Cfulfillment_walkpath%2Cquantity_step%2Cquantity_minimum%2Cquantity_initial%2Cquantity_label%2Cquantity_label_singular%2Cvarieties%2Cquantity_size_ratio_description%2Cstatus%2Cstatus_id%2Csale_configuration_type_id%2Cfulfillment_type_id%2Cfulfillment_type_ids%2Cother_attributes%2Cclippable_offer%2Cslot_message%2Ccall_out%2Chas_featured_offer%2Ctax_class_label%2Cpromotion_text%2Csale_offer%2Cstore_card_required%2Caverage_rating%2Creview_count%2Clike_code%2Cshelf_tag_ids%2Coffers%2Cis_place_holder_cover_image%2Cvideo_config%2Cenforce_product_inventory%2Cdisallow_adding_to_cart%2Csubstitution_type_ids%2Cunit_price%2Coffer_sale_price%2Ccanonical_url%2Coffered_together%2Csequence&include_offered_together=true&limit=48&name_sort=asc&render_id=1758971969353&sort=name&store_id=2052&token=923883b902b468b0b9ec35e08dfa33fd,,
1564405684702552388,1st Pharma Isopropyl Alcohol 70% Solution with Lemon Extract | 500ml,94.0,,https://api.freshop.ncrcloud.com/1/products?app_key=walter_mart&fields=id%2Cidentifier%2Cattribution_token%2Creference_id%2Creference_ids%2Cupc%2Cname%2Cstore_id%2Cdepartment_id%2Csize%2Ccover_image%2Cprice%2Csale_price%2Csale_price_md%2Csale_start_date%2Csale_finish_date%2Cprice_disclaimer%2Csale_price_disclaimer%2Cis_favorite%2Crelevance%2Cpopularity%2Cshopper_walkpath%2Cfulfillment_walkpath%2Cquantity_step%2Cquantity_minimum%2Cquantity_initial%2Cquantity_label%2Cquantity_label_singular%2Cvarieties%2Cquantity_size_ratio_description%2Cstatus%2Cstatus_id%2Csale_configuration_type_id%2Cfulfillment_type_id%2Cfulfillment_type_ids%2Cother_attributes%2Cclippable_offer%2Cslot_message%2Ccall_out%2Chas_featured_offer%2Ctax_class_label%2Cpromotion_text%2Csale_offer%2Cstore_card_required%2Caverage_rating%2Creview_count%2Clike_code%2Cshelf_tag_ids%2Coffers%2Cis_place_holder_cover_image%2Cvideo_config%2Cenforce_product_inventory%2Cdisallow_adding_to_cart%2Csubstitution_type_ids%2Cunit_price%2Coffer_sale_price%2Ccanonical_url%2Coffered_together%2Csequence&include_offered_together=true&limit=48&name_sort=asc&render_id=1758971969353&sort=name&store_id=2052&token=923883b902b468b0b9ec35e08dfa33fd,,
1564405684712827580,2-in-1 Chair Pad | 1s,299.0,,https://api.freshop.ncrcloud.com/1/products?app_key=walter_mart&fields=id%2Cidentifier%2Cattribution_token%2Creference_id%2Creference_ids%2Cupc%2Cname%2Cstore_id%2Cdepartment_id%2Csize%2Ccover_image%2Cprice%2Csale_price%2Csale_price_md%2Csale_start_date%2Csale_finish_date%2Cprice_disclaimer%2Csale_price_disclaimer%2Cis_favorite%2Crelevance%2Cpopularity%2Cshopper_walkpath%2Cfulfillment_walkpath%2Cquantity_step%2Cquantity_minimum%2Cquantity_initial%2Cquantity_label%2Cquantity_label_singular%2Cvarieties%2Cquantity_size_ratio_description%2Cstatus%2Cstatus_id%2Csale_configuration_type_id%2Cfulfillment_type_id%2Cfulfillment_type_ids%2Cother_attributes%2Cclippable_offer%2Cslot_message%2Ccall_out%2Chas_featured_offer%2Ctax_class_label%2Cpromotion_text%2Csale_offer%2Cstore_card_required%2Caverage_rating%2Creview_count%2Clike_code%2Cshelf_tag_ids%2Coffers%2Cis_place_holder_cover_image%2Cvideo_config%2Cenforce_product_inventory%2Cdisallow_adding_to_cart%2Csubstitution_type_ids%2Cunit_price%2Coffer_sale_price%2Ccanonical_url%2Coffered_together%2Csequence&include_offered_together=true&limit=48&name_sort=asc&render_id=1758971969353&sort=name&store_id=2052&token=923883b902b468b0b9ec35e08dfa33fd,,
1564405684711358527,349435,159.0,,https://api.freshop.ncrcloud.com/1/products?app_key=walter_mart&fields=id%2Cidentifier%2Cattribution_token%2Creference_id%2Creference_ids%2Cupc%2Cname%2Cstore_id%2Cdepartment_id%2Csize%2Ccover_image%2Cprice%2Csale_price%2Csale_price_md%2Csale_start_date%2Csale_finish_date%2Cprice_disclaimer%2Csale_price_disclaimer%2Cis_favorite%2Crelevance%2Cpopularity%2Cshopper_walkpath%2Cfulfillment_walkpath%2Cquantity_step%2Cquantity_minimum%2Cquantity_initial%2Cquantity_label%2Cquantity_label_singular%2Cvarieties%2Cquantity_size_ratio_description%2Cstatus%2Cstatus_id%2Csale_configuration_type_id%2Cfulfillment_type_id%2Cfulfillment_type_ids%2Cother_attributes%2Cclippable_offer%2Cslot_message%2Ccall_out%2Chas_featured_offer%2Ctax_class_label%2Cpromotion_text%2Csale_offer%2Cstore_card_required%2Caverage_rating%2Creview_count%2Clike_code%2Cshelf_tag_ids%2Coffers%2Cis_place_holder_cover_image%2Cvideo_config%2Cenforce_product_inventory%2Cdisallow_adding_to_cart%2Csubstitution_type_ids%2Cunit_price%2Coffer_sale_price%2Ccanonical_url%2Coffered_together%2Csequence&include_offered_together=true&limit=48&name_sort=asc&render_id=1758971969353&sort=name&store_id=2052&token=923883b902b468b0b9ec35e08dfa33fd,,
1564405684708199725,3-way Trolley Bag | Black,699.0,,https://api.freshop.ncrcloud.com/1/products?app_key=walter_mart&fields=id%2Cidentifier%2Cattribution_token%2Creference_id%2Creference_ids%2Cupc%2Cname%2Cstore_id%2Cdepartment_id%2Csize%2Ccover_image%2Cprice%2Csale_price%2Csale_price_md%2Csale_start_date%2Csale_finish_date%2Cprice_disclaimer%2Csale_price_disclaimer%2Cis_favorite%2Crelevance%2Cpopularity%2Cshopper_walkpath%2Cfulfillment_walkpath%2Cquantity_step%2Cquantity_minimum%2Cquantity_initial%2Cquantity_label%2Cquantity_label_singular%2Cvarieties%2Cquantity_size_ratio_description%2Cstatus%2Cstatus_id%2Csale_configuration_type_id%2Cfulfillment_type_id%2Cfulfillment_type_ids%2Cother_attributes%2Cclippable_offer%2Cslot_message%2Ccall_out%2Chas_featured_offer%2Ctax_class_label%2Cpromotion_text%2Csale_offer%2Cstore_card_required%2Caverage_rating%2Creview_count%2Clike_code%2Cshelf_tag_ids%2Coffers%2Cis_place_holder_cover_image%2Cvideo_config%2Cenforce_product_inventory%2Cdisallow_adding_to_cart%2Csubstitution_type_ids%2Cunit_price%2Coffer_sale_price%2Ccanonical_url%2Coffered_together%2Csequence&include_offered_together=true&limit=48&name_sort=asc&render_id=1758971969353&sort=name&store_id=2052&token=923883b902b468b0b9ec35e08dfa33fd,,
1564405684708199714,3-way Trolley Bag | Blue,699.0,,https://api.freshop.ncrcloud.com/1/products?app_key=walter_mart&fields=id%2Cidentifier%2Cattribution_token%2Creference_id%2Creference_ids%2Cupc%2Cname%2Cstore_id%2Cdepartment_id%2Csize%2Ccover_image%2Cprice%2Csale_price%2Csale_price_md%2Csale_start_date%2Csale_finish_date%2Cprice_disclaimer%2Csale_price_disclaimer%2Cis_favorite%2Crelevance%2Cpopularity%2Cshopper_walkpath%2Cfulfillment_walkpath%2Cquantity_step%2Cquantity_minimum%2Cquantity_initial%2Cquantity_label%2Cquantity_label_singular%2Cvarieties%2Cquantity_size_ratio_description%2Cstatus%2Cstatus_id%2Csale_configuration_type_id%2Cfulfillment_type_id%2Cfulfillment_type_ids%2Cother_attributes%2Cclippable_offer%2Cslot_message%2Ccall_out%2Chas_featured_offer%2Ctax_class_label%2Cpromotion_text%2Csale_offer%2Cstore_card_required%2Caverage_rating%2Creview_count%2Clike_code%2Cshelf_tag_ids%2Coffers%2Cis_place_holder_cover_image%2Cvideo_config%2Cenforce_product_inventory%2Cdisallow_adding_to_cart%2Csubstitution_type_ids%2Cunit_price%2Coffer_sale_price%2Ccanonical_url%2Coffered_together%2Csequence&include_offered_together=true&limit=48&name_sort=asc&render_id=1758971969353&sort=name&store_id=2052&token=923883b902b468b0b9ec35e08dfa33fd,,
1564405684702504463,555 Fried Sardines Bistek | 155g,36.0,,https://api.freshop.ncrcloud.com/1/products?app_key=walter_mart&fields=id%2Cidentifier%2Cattribution_token%2Creference_id%2Creference_ids%2Cupc%2Cname%2Cstore_id%2Cdepartment_id%2Csize%2Ccover_image%2Cprice%2Csale_price%2Csale_price_md%2Csale_start_date%2Csale_finish_date%2Cprice_disclaimer%2Csale_price_disclaimer%2Cis_favorite%2Crelevance%2Cpopularity%2Cshopper_walkpath%2Cfulfillment_walkpath%2Cquantity_step%2Cquantity_minimum%2Cquantity_initial%2Cquantity_label%2Cquantity_label_singular%2Cvarieties%2Cquantity_size_ratio_description%2Cstatus%2Cstatus_id%2Csale_configuration_type_id%2Cfulfillment_type_id%2Cfulfillment_type_ids%2Cother_attributes%2Cclippable_offer%2Cslot_message%2Ccall_out%2Chas_featured_offer%2Ctax_class_label%2Cpromotion_text%2Csale_offer%2Cstore_card_required%2Caverage_rating%2Creview_count%2Clike_code%2Cshelf_tag_ids%2Coffers%2Cis_place_holder_cover_image%2Cvideo_config%2Cenforce_product_inventory%2Cdisallow_adding_to_cart%2Csubstitution_type_ids%2Cunit_price%2Coffer_sale_price%2Ccanonical_url%2Coffered_together%2Csequence&include_offered_together=true&limit=48&name_sort=asc&render_id=1758971969353&sort=name&store_id=2052&token=923883b902b468b0b9ec35e08dfa33fd,,
1564405684702504462,555 Fried Sardines Escabeche | 155g,36.0,,https://api.freshop.ncrcloud.com/1/products?app_key=walter_mart&fields=id%2Cidentifier%2Cattribution_token%2Creference_id%2Creference_ids%2Cupc%2Cname%2Cstore_id%2Cdepartment_id%2Csize%2Ccover_image%2Cprice%2Csale_price%2Csale_price_md%2Csale_start_date%2Csale_finish_date%2Cprice_disclaimer%2Csale_price_disclaimer%2Cis_favorite%2Crelevance%2Cpopularity%2Cshopper_walkpath%2Cfulfillment_walkpath%2Cquantity_step%2Cquantity_minimum%2Cquantity_initial%2Cquantity_label%2Cquantity_label_singular%2Cvarieties%2Cquantity_size_ratio_description%2Cstatus%2Cstatus_id%2Csale_configuration_type_id%2Cfulfillment_type_id%2Cfulfillment_type_ids%2Cother_attributes%2Cclippable_offer%2Cslot_message%2Ccall_out%2Chas_featured_offer%2Ctax_class_label%2Cpromotion_text%2Csale_offer%2Cstore_card_required%2Caverage_rating%2Creview_count%2Clike_code%2Cshelf_tag_ids%2Coffers%2Cis_place_holder_cover_image%2Cvideo_config%2Cenforce_product_inventory%2Cdisallow_adding_to_cart%2Csubstitution_type_ids%2Cunit_price%2Coffer_sale_price%2Ccanonical_url%2Coffered_together%2Csequence&include_offered_together=true&limit=48&name_sort=asc&render_id=1758971969353&sort=name&store_id=2052&token=923883b902b468b0b9ec35e08dfa33fd,,
1564405684702504458,555 Fried Sardines Hot & Spicy | 155g,36.0,,https://api.freshop.ncrcloud.com/1/products?app_key=walter_mart&fields=id%2Cidentifier%2Cattribution_token%2Creference_id%2Creference_ids%2Cupc%2Cname%2Cstore_id%2Cdepartment_id%2Csize%2Ccover_image%2Cprice%2Csale_price%2Csale_price_md%2Csale_start_date%2Csale_finish_date%2Cprice_disclaimer%2Csale_price_disclaimer%2Cis_favorite%2Crelevance%2Cpopularity%2Cshopper_walkpath%2Cfulfillment_walkpath%2Cquantity_step%2Cquantity_minimum%2Cquantity_initial%2Cquantity_label%2Cquantity_label_singular%2Cvarieties%2Cquantity_size_ratio_description%2Cstatus%2Cstatus_id%2Csale_configuration_type_id%2Cfulfillment_type_id%2Cfulfillment_type_ids%2Cother_attributes%2Cclippable_offer%2Cslot_message%2Ccall_out%2Chas_featured_offer%2Ctax_class_label%2Cpromotion_text%2Csale_offer%2Cstore_card_required%2Caverage_rating%2Creview_count%2Clike_code%2Cshelf_tag_ids%2Coffers%2Cis_place_holder_cover_image%2Cvideo_config%2Cenforce_product_inventory%2Cdisallow_adding_to_cart%2Csubstitution_type_ids%2Cunit_price%2Coffer_sale_price%2Ccanonical_url%2Coffered_together%2Csequence&include_offered_together=true&limit=48&name_sort=asc&render_id=1758971969353&sort=name&store_id=2052&token=923883b902b468b0b9ec35e08dfa33fd,,
1564405684690173440,555 Fried Sardines Tausi | 155g,36.0,,https://api.freshop.ncrcloud.com/1/products?app_key=walter_mart&fields=id%2Cidentifier%2Cattribution_token%2Creference_id%2Creference_ids%2Cupc%2Cname%2Cstore_id%2Cdepartment_id%2Csize%2Ccover_image%2Cprice%2Csale_price%2Csale_price_md%2Csale_start_date%2Csale_finish_date%2Cprice_disclaimer%2Csale_price_disclaimer%2Cis_favorite%2Crelevance%2Cpopularity%2Cshopper_walkpath%2Cfulfillment_walkpath%2Cquantity_step%2Cquantity_minimum%2Cquantity_initial%2Cquantity_label%2Cquantity_label_singular%2Cvarieties%2Cquantity_size_ratio_description%2Cstatus%2Cstatus_id%2Csale_configuration_type_id%2Cfulfillment_type_id%2Cfulfillment_type_ids%2Cother_attributes%2Cclippable_offer%2Cslot_message%2Ccall_out%2Chas_featured_offer%2Ctax_class_label%2Cpromotion_text%2Csale_offer%2Cstore_card_required%2Caverage_rating%2Creview_count%2Clike_code%2Cshelf_tag_ids%2Coffers%2Cis_place_holder_cover_image%2Cvideo_config%2Cenforce_product_inventory%2Cdisallow_adding_to_cart%2Csubstitution_type_ids%2Cunit_price%2Coffer_sale_price%2Ccanonical_url%2Coffered_together%2Csequence&include_offered_together=true&limit=48&name_sort=asc&render_id=1758971969353&sort=name&store_id=2052&token=923883b902b468b0b9ec35e08dfa33fd,,
1564405684702504465,555 Mackarel in Natural Oil | 425g,82.25,,https://api.freshop.ncrcloud.com/1/products?app_key=walter_mart&fields=id%2Cidentifier%2Cattribution_token%2Creference_id%2Creference_ids%2Cupc%2Cname%2Cstore_id%2Cdepartment_id%2Csize%2Ccover_image%2Cprice%2Csale_price%2Csale_price_md%2Csale_start_date%2Csale_finish_date%2Cprice_disclaimer%2Csale_price_disclaimer%2Cis_favorite%2Crelevance%2Cpopularity%2Cshopper_walkpath%2Cfulfillment_walkpath%2Cquantity_step%2Cquantity_minimum%2Cquantity_initial%2Cquantity_label%2Cquantity_label_singular%2Cvarieties%2Cquantity_size_ratio_description%2Cstatus%2Cstatus_id%2Csale_configuration_type_id%2Cfulfillment_type_id%2Cfulfillment_type_ids%2Cother_attributes%2Cclippable_offer%2Cslot_message%2Ccall_out%2Chas_featured_offer%2Ctax_class_label%2Cpromotion_text%2Csale_offer%2Cstore_card_required%2Caverage_rating%2Creview_count%2Clike_code%2Cshelf_tag_ids%2Coffers%2Cis_place_holder_cover_image%2Cvideo_config%2Cenforce_product_inventory%2Cdisallow_adding_to_cart%2Csubstitution_type_ids%2Cunit_price%2Coffer_sale_price%2Ccanonical_url%2Coffered_together%2Csequence&include_offered_together=true&limit=48&name_sort=asc&render_id=1758971969353&sort=name&store_id=2052&token=923883b902b468b0b9ec35e08dfa33fd,,
1564405684706793739,555 Sardines Hot in Tomato Sauce | 425g,68.0,,https://api.freshop.ncrcloud.com/1/products?app_key=walter_mart&fields=id%2Cidentifier%2Cattribution_token%2Creference_id%2Creference_ids%2Cupc%2Cname%2Cstore_id%2Cdepartment_id%2Csize%2Ccover_image%2Cprice%2Csale_price%2Csale_price_md%2Csale_start_date%2Csale_finish_date%2Cprice_disclaimer%2Csale_price_disclaimer%2Cis_favorite%2Crelevance%2Cpopularity%2Cshopper_walkpath%2Cfulfillment_walkpath%2Cquantity_step%2Cquantity_minimum%2Cquantity_initial%2Cquantity_label%2Cquantity_label_singular%2Cvarieties%2Cquantity_size_ratio_description%2Cstatus%2Cstatus_id%2Csale_configuration_type_id%2Cfulfillment_type_id%2Cfulfillment_type_ids%2Cother_attributes%2Cclippable_offer%2Cslot_message%2Ccall_out%2Chas_featured_offer%2Ctax_class_label%2Cpromotion_text%2Csale_offer%2Cstore_card_required%2Caverage_rating%2Creview_count%2Clike_code%2Cshelf_tag_ids%2Coffers%2Cis_place_holder_cover_image%2Cvideo_config%2Cenforce_product_inventory%2Cdisallow_adding_to_cart%2Csubstitution_type_ids%2Cunit_price%2Coffer_sale_price%2Ccanonical_url%2Coffered_together%2Csequence&include_offered_together=true&limit=48&name_sort=asc&render_id=1758971969353&sort=name&store_id=2052&token=923883b902b468b0b9ec35e08dfa33fd,,
8188496,555 Sardines In Tomato Sauce | 155g,23.0,,https://api.freshop.ncrcloud.com/1/products?app_key=walter_mart&fields=id%2Cidentifier%2Cattribution_token%2Creference_id%2Creference_ids%2Cupc%2Cname%2Cstore_id%2Cdepartment_id%2Csize%2Ccover_image%2Cprice%2Csale_price%2Csale_price_md%2Csale_start_date%2Csale_finish_date%2Cprice_disclaimer%2Csale_price_disclaimer%2Cis_favorite%2Crelevance%2Cpopularity%2Cshopper_walkpath%2Cfulfillment_walkpath%2Cquantity_step%2Cquantity_minimum%2Cquantity_initial%2Cquantity_label%2Cquantity_label_singular%2Cvarieties%2Cquantity_size_ratio_description%2Cstatus%2Cstatus_id%2Csale_configuration_type_id%2Cfulfillment_type_id%2Cfulfillment_type_ids%2Cother_attributes%2Cclippable_offer%2Cslot_message%2Ccall_out%2Chas_featured_offer%2Ctax_class_label%2Cpromotion_text%2Csale_offer%2Cstore_card_required%2Caverage_rating%2Creview_count%2Clike_code%2Cshelf_tag_ids%2Coffers%2Cis_place_holder_cover_image%2Cvideo_config%2Cenforce_product_inventory%2Cdisallow_adding_to_cart%2Csubstitution_type_ids%2Cunit_price%2Coffer_sale_price%2Ccanonical_url%2Coffered_together%2Csequence&include_offered_together=true&limit=48&name_sort=asc&render_id=1758971969353&sort=name&store_id=2052&token=923883b902b468b0b9ec35e08dfa33fd,,
1564405684712125851,555 Sardines in Tomato Sauce | 155g x 100s,2390.0,,https://api.freshop.ncrcloud.com/1/products?app_key=walter_mart&fields=id%2Cidentifier%2Cattribution_token%2Creference_id%2Creference_ids%2Cupc%2Cname%2Cstore_id%2Cdepartment_id%2Csize%2Ccover_image%2Cprice%2Csale_price%2Csale_price_md%2Csale_start_date%2Csale_finish_date%2Cprice_disclaimer%2Csale_price_disclaimer%2Cis_favorite%2Crelevance%2Cpopularity%2Cshopper_walkpath%2Cfulfillment_walkpath%2Cquantity_step%2Cquantity_minimum%2Cquantity_initial%2Cquantity_label%2Cquantity_label_singular%2Cvarieties%2Cquantity_size_ratio_description%2Cstatus%2Cstatus_id%2Csale_configuration_type_id%2Cfulfillment_type_id%2Cfulfillment_type_ids%2Cother_attributes%2Cclippable_offer%2Cslot_message%2Ccall_out%2Chas_featured_offer%2Ctax_class_label%2Cpromotion_text%2Csale_offer%2Cstore_card_required%2Caverage_rating%2Creview_count%2Clike_code%2Cshelf_tag_ids%2Coffers%2Cis_place_holder_cover_image%2Cvideo_config%2Cenforce_product_inventory%2Cdisallow_adding_to_cart%2Csubstitution_type_ids%2Cunit_price%2Coffer_sale_price%2Ccanonical_url%2Coffered_together%2Csequence&include_offered_together=true&limit=48&name_sort=asc&render_id=1758971969353&sort=name&store_id=2052&token=923883b902b468b0b9ec35e08dfa33fd,,
8193466,555 Sardines In Tomato Sauce | 425g,66.0,,https://api.freshop.ncrcloud.com/1/products?app_key=walter_mart&fields=id%2Cidentifier%2Cattribution_token%2Creference_id%2Creference_ids%2Cupc%2Cname%2Cstore_id%2Cdepartment_id%2Csize%2Ccover_image%2Cprice%2Csale_price%2Csale_price_md%2Csale_start_date%2Csale_finish_date%2Cprice_disclaimer%2Csale_price_disclaimer%2Cis_favorite%2Crelevance%2Cpopularity%2Cshopper_walkpath%2Cfulfillment_walkpath%2Cquantity_step%2Cquantity_minimum%2Cquantity_initial%2Cquantity_label%2Cquantity_label_singular%2Cvarieties%2Cquantity_size_ratio_description%2Cstatus%2Cstatus_id%2Csale_configuration_type_id%2Cfulfillment_type_id%2Cfulfillment_type_ids%2Cother_attributes%2Cclippable_offer%2Cslot_message%2Ccall_out%2Chas_featured_offer%2Ctax_class_label%2Cpromotion_text%2Csale_offer%2Cstore_card_required%2Caverage_rating%2Creview_count%2Clike_code%2Cshelf_tag_ids%2Coffers%2Cis_place_holder_cover_image%2Cvideo_config%2Cenforce_product_inventory%2Cdisallow_adding_to_cart%2Csubstitution_type_ids%2Cunit_price%2Coffer_sale_price%2Ccanonical_url%2Coffered_together%2Csequence&include_offered_together=true&limit=48&name_sort=asc&render_id=1758971969353&sort=name&store_id=2052&token=923883b902b468b0b9ec35e08dfa33fd,,
1564405684702504459,555 Sardines Prime Bottle | 230g,137.5,,https://api.freshop.ncrcloud.com/1/products?app_key=walter_mart&fields=id%2Cidentifier%2Cattribution_token%2Creference_id%2Creference_ids%2Cupc%2Cname%2Cstore_id%2Cdepartment_id%2Csize%2Ccover_image%2Cprice%2Csale_price%2Csale_price_md%2Csale_start_date%2Csale_finish_date%2Cprice_disclaimer%2Csale_price_disclaimer%2Cis_favorite%2Crelevance%2Cpopularity%2Cshopper_walkpath%2Cfulfillment_walkpath%2Cquantity_step%2Cquantity_minimum%2Cquantity_initial%2Cquantity_label%2Cquantity_label_singular%2Cvarieties%2Cquantity_size_ratio_description%2Cstatus%2Cstatus_id%2Csale_configuration_type_id%2Cfulfillment_type_id%2Cfulfillment_type_ids%2Cother_attributes%2Cclippable_offer%2Cslot_message%2Ccall_out%2Chas_featured_offer%2Ctax_class_label%2Cpromotion_text%2Csale_offer%2Cstore_card_required%2Caverage_rating%2Creview_count%2Clike_code%2Cshelf_tag_ids%2Coffers%2Cis_place_holder_cover_image%2Cvideo_config%2Cenforce_product_inventory%2Cdisallow_adding_to_cart%2Csubstitution_type_ids%2Cunit_price%2Coffer_sale_price%2Ccanonical_url%2Coffered_together%2Csequence&include_offered_together=true&limit=48&name_sort=asc&render_id=1758971969353&sort=name&store_id=2052&token=923883b902b468b0b9ec35e08dfa33fd,,
8193465,555 Sardines with Chili | 155g,23.75,,https://api.freshop.ncrcloud.com/1/products?app_key=walter_mart&fields=id%2Cidentifier%2Cattribution_token%2Creference_id%2Creference_ids%2Cupc%2Cname%2Cstore_id%2Cdepartment_id%2Csize%2Ccover_image%2Cprice%2Csale_price%2Csale_price_md%2Csale_start_date%2Csale_finish_date%2Cprice_disclaimer%2Csale_price_disclaimer%2Cis_favorite%2Crelevance%2Cpopularity%2Cshopper_walkpath%2Cfulfillment_walkpath%2Cquantity_step%2Cquantity_minimum%2Cquantity_initial%2Cquantity_label%2Cquantity_label_singular%2Cvarieties%2Cquantity_size_ratio_description%2Cstatus%2Cstatus_id%2Csale_configuration_type_id%2Cfulfillment_type_id%2Cfulfillment_type_ids%2Cother_attributes%2Cclippable_offer%2Cslot_message%2Ccall_out%2Chas_featured_offer%2Ctax_class_label%2Cpromotion_text%2Csale_offer%2Cstore_card_required%2Caverage_rating%2Creview_count%2Clike_code%2Cshelf_tag_ids%2Coffers%2Cis_place_holder_cover_image%2Cvideo_config%2Cenforce_product_inventory%2Cdisallow_adding_to_cart%2Csubstitution_type_ids%2Cunit_price%2Coffer_sale_price%2Ccanonical_url%2Coffered_together%2Csequence&include_offered_together=true&limit=48&name_sort=asc&render_id=1758971969353&sort=name&store_id=2052&token=923883b902b468b0b9ec35e08dfa33fd,,
1564405684702504452,555 Spanish Style Sardines | 155g,32.25,,https://api.freshop.ncrcloud.com/1/products?app_key=walter_mart&fields=id%2Cidentifier%2Cattribution_token%2Creference_id%2Creference_ids%2Cupc%2Cname%2Cstore_id%2Cdepartment_id%2Csize%2Ccover_image%2Cprice%2Csale_price%2Csale_price_md%2Csale_start_date%2Csale_finish_date%2Cprice_disclaimer%2Csale_price_disclaimer%2Cis_favorite%2Crelevance%2Cpopularity%2Cshopper_walkpath%2Cfulfillment_walkpath%2Cquantity_step%2Cquantity_minimum%2Cquantity_initial%2Cquantity_label%2Cquantity_label_singular%2Cvarieties%2Cquantity_size_ratio_description%2Cstatus%2Cstatus_id%2Csale_configuration_type_id%2Cfulfillment_type_id%2Cfulfillment_type_ids%2Cother_attributes%2Cclippable_offer%2Cslot_message%2Ccall_out%2Chas_featured_offer%2Ctax_class_label%2Cpromotion_text%2Csale_offer%2Cstore_card_required%2Caverage_rating%2Creview_count%2Clike_code%2Cshelf_tag_ids%2Coffers%2Cis_place_holder_cover_image%2Cvideo_config%2Cenforce_product_inventory%2Cdisallow_adding_to_cart%2Csubstitution_type_ids%2Cunit_price%2Coffer_sale_price%2Ccanonical_url%2Coffered_together%2Csequence&include_offered_together=true&limit=48&name_sort=asc&render_id=1758971969353&sort=name&store_id=2052&token=923883b902b468b0b9ec35e08dfa33fd,,
1564405684702504527,555 Tuna Adobo | 155g,33.5,,https://api.freshop.ncrcloud.com/1/products?app_key=walter_mart&fields=id%2Cidentifier%2Cattribution_token%2Creference_id%2Creference_ids%2Cupc%2Cname%2Cstore_id%2Cdepartment_id%2Csize%2Ccover_image%2Cprice%2Csale_price%2Csale_price_md%2Csale_start_date%2Csale_finish_date%2Cprice_disclaimer%2Csale_price_disclaimer%2Cis_favorite%2Crelevance%2Cpopularity%2Cshopper_walkpath%2Cfulfillment_walkpath%2Cquantity_step%2Cquantity_minimum%2Cquantity_initial%2Cquantity_label%2Cquantity_label_singular%2Cvarieties%2Cquantity_size_ratio_description%2Cstatus%2Cstatus_id%2Csale_configuration_type_id%2Cfulfillment_type_id%2Cfulfillment_type_ids%2Cother_attributes%2Cclippable_offer%2Cslot_message%2Ccall_out%2Chas_featured_offer%2Ctax_class_label%2Cpromotion_text%2Csale_offer%2Cstore_card_required%2Caverage_rating%2Creview_count%2Clike_code%2Cshelf_tag_ids%2Coffers%2Cis_place_holder_cover_image%2Cvideo_config%2Cenforce_product_inventory%2Cdisallow_adding_to_cart%2Csubstitution_type_ids%2Cunit_price%2Coffer_sale_price%2Ccanonical_url%2Coffered_together%2Csequence&include_offered_together=true&limit=48&name_sort=asc&render_id=1758971969353&sort=name&store_id=2052&token=923883b902b468b0b9ec35e08dfa33fd,,
1564405684702504528,555 Tuna Afritada | 155g,29.5,,https://api.freshop.ncrcloud.com/1/products?app_key=walter_mart&fields=id%2Cidentifier%2Cattribution_token%2Creference_id%2Creference_ids%2Cupc%2Cname%2Cstore_id%2Cdepartment_id%2Csize%2Ccover_image%2Cprice%2Csale_price%2Csale_price_md%2Csale_start_date%2Csale_finish_date%2Cprice_disclaimer%2Csale_price_disclaimer%2Cis_favorite%2Crelevance%2Cpopularity%2Cshopper_walkpath%2Cfulfillment_walkpath%2Cquantity_step%2Cquantity_minimum%2Cquantity_initial%2Cquantity_label%2Cquantity_label_singular%2Cvarieties%2Cquantity_size_ratio_description%2Cstatus%2Cstatus_id%2Csale_configuration_type_id%2Cfulfillment_type_id%2Cfulfillment_type_ids%2Cother_attributes%2Cclippable_offer%2Cslot_message%2Ccall_out%2Chas_featured_offer%2Ctax_class_label%2Cpromotion_text%2Csale_offer%2Cstore_card_required%2Caverage_rating%2Creview_count%2Clike_code%2Cshelf_tag_ids%2Coffers%2Cis_place_holder_cover_image%2Cvideo_config%2Cenforce_product_inventory%2Cdisallow_adding_to_cart%2Csubstitution_type_ids%2Cunit_price%2Coffer_sale_price%2Ccanonical_url%2Coffered_together%2Csequence&include_offered_together=true&limit=48&name_sort=asc&render_id=1758971969353&sort=name&store_id=2052&token=923883b902b468b0b9ec35e08dfa33fd,,
1564405684702504529,555 Tuna Caldereta | 155g,29.5,,https://api.freshop.ncrcloud.com/1/products?app_key=walter_mart&fields=id%2Cidentifier%2Cattribution_token%2Creference_id%2Creference_ids%2Cupc%2Cname%2Cstore_id%2Cdepartment_id%2Csize%2Ccover_image%2Cprice%2Csale_price%2Csale_price_md%2Csale_start_date%2Csale_finish_date%2Cprice_disclaimer%2Csale_price_disclaimer%2Cis_favorite%2Crelevance%2Cpopularity%2Cshopper_walkpath%2Cfulfillment_walkpath%2Cquantity_step%2Cquantity_minimum%2Cquantity_initial%2Cquantity_label%2Cquantity_label_singular%2Cvarieties%2Cquantity_size_ratio_description%2Cstatus%2Cstatus_id%2Csale_configuration_type_id%2Cfulfillment_type_id%2Cfulfillment_type_ids%2Cother_attributes%2Cclippable_offer%2Cslot_message%2Ccall_out%2Chas_featured_offer%2Ctax_class_label%2Cpromotion_text%2Csale_offer%2Cstore_card_required%2Caverage_rating%2Creview_count%2Clike_code%2Cshelf_tag_ids%2Coffers%2Cis_place_holder_cover_image%2Cvideo_config%2Cenforce_product_inventory%2Cdisallow_adding_to_cart%2Csubstitution_type_ids%2Cunit_price%2Coffer_sale_price%2Ccanonical_url%2Coffered_together%2Csequence&include_offered_together=true&limit=48&name_sort=asc&render_id=1758971969353&sort=name&store_id=2052&token=923883b902b468b0b9ec35e08dfa33fd,,
1564405684702504533,555 Tuna Flakes in Oil | 155g,32.75,,https://api.freshop.ncrcloud.com/1/products?app_key=walter_mart&fields=id%2Cidentifier%2Cattribution_token%2Creference_id%2Creference_ids%2Cupc%2Cname%2Cstore_id%2Cdepartment_id%2Csize%2Ccover_image%2Cprice%2Csale_price%2Csale_price_md%2Csale_start_date%2Csale_finish_date%2Cprice_disclaimer%2Csale_price_disclaimer%2Cis_favorite%2Crelevance%2Cpopularity%2Cshopper_walkpath%2Cfulfillment_walkpath%2Cquantity_step%2Cquantity_minimum%2Cquantity_initial%2Cquantity_label%2Cquantity_label_singular%2Cvarieties%2Cquantity_size_ratio_description%2Cstatus%2Cstatus_id%2Csale_configuration_type_id%2Cfulfillment_type_id%2Cfulfillment_type_ids%2Cother_attributes%2Cclippable_offer%2Cslot_message%2Ccall_out%2Chas_featured_offer%2Ctax_class_label%2Cpromotion_text%2Csale_offer%2Cstore_card_required%2Caverage_rating%2Creview_count%2Clike_code%2Cshelf_tag_ids%2Coffers%2Cis_place_holder_cover_image%2Cvideo_config%2Cenforce_product_inventory%2Cdisallow_adding_to_cart%2Csubstitution_type_ids%2Cunit_price%2Coffer_sale_price%2Ccanonical_url%2Coffered_together%2Csequence&include_offered_together=true&limit=48&name_sort=asc&render_id=1758971969353&sort=name&store_id=2052&token=923883b902b468b0b9ec35e08dfa33fd,,
1564405684702504531,555 Tuna Hot & Spicy | 155g,33.75,,https://api.freshop.ncrcloud.com/1/products?app_key=walter_mart&fields=id%2Cidentifier%2Cattribution_token%2Creference_id%2Creference_ids%2Cupc%2Cname%2Cstore_id%2Cdepartment_id%2Csize%2Ccover_image%2Cprice%2Csale_price%2Csale_price_md%2Csale_start_date%2Csale_finish_date%2Cprice_disclaimer%2Csale_price_disclaimer%2Cis_favorite%2Crelevance%2Cpopularity%2Cshopper_walkpath%2Cfulfillment_walkpath%2Cquantity_step%2Cquantity_minimum%2Cquantity_initial%2Cquantity_label%2Cquantity_label_singular%2Cvarieties%2Cquantity_size_ratio_description%2Cstatus%2Cstatus_id%2Csale_configuration_type_id%2Cfulfillment_type_id%2Cfulfillment_type_ids%2Cother_attributes%2Cclippable_offer%2Cslot_message%2Ccall_out%2Chas_featured_offer%2Ctax_class_label%2Cpromotion_text%2Csale_offer%2Cstore_card_required%2Caverage_rating%2Creview_count%2Clike_code%2Cshelf_tag_ids%2Coffers%2Cis_place_holder_cover_image%2Cvideo_config%2Cenforce_product_inventory%2Cdisallow_adding_to_cart%2Csubstitution_type_ids%2Cunit_price%2Coffer_sale_price%2Ccanonical_url%2Coffered_together%2Csequence&include_offered_together=true&limit=48&name_sort=asc&render_id=1758971969353&sort=name&store_id=2052&token=923883b902b468b0b9ec35e08dfa33fd,,
1564405684702504530,555 Tuna Mechado | 155g,29.75,,https://api.freshop.ncrcloud.com/1/products?app_key=walter_mart&fields=id%2Cidentifier%2Cattribution_token%2Creference_id%2Creference_ids%2Cupc%2Cname%2Cstore_id%2Cdepartment_id%2Csize%2Ccover_image%2Cprice%2Csale_price%2Csale_price_md%2Csale_start_date%2Csale_finish_date%2Cprice_disclaimer%2Csale_price_disclaimer%2Cis_favorite%2Crelevance%2Cpopularity%2Cshopper_walkpath%2Cfulfillment_walkpath%2Cquantity_step%2Cquantity_minimum%2Cquantity_initial%2Cquantity_label%2Cquantity_label_singular%2Cvarieties%2Cquantity_size_ratio_description%2Cstatus%2Cstatus_id%2Csale_configuration_type_id%2Cfulfillment_type_id%2Cfulfillment_type_ids%2Cother_attributes%2Cclippable_offer%2Cslot_message%2Ccall_out%2Chas_featured_offer%2Ctax_class_label%2Cpromotion_text%2Csale_offer%2Cstore_card_required%2Caverage_rating%2Creview_count%2Clike_code%2Cshelf_tag_ids%2Coffers%2Cis_place_holder_cover_image%2Cvideo_config%2Cenforce_product_inventory%2Cdisallow_adding_to_cart%2Csubstitution_type_ids%2Cunit_price%2Coffer_sale_price%2Ccanonical_url%2Coffered_together%2Csequence&include_offered_together=true&limit=48&name_sort=asc&render_id=1758971969353&sort=name&store_id=2052&token=923883b902b468b0b9ec35e08dfa33fd,,
1564405684714648553,555 Tuna Sisig | 155g,33.0,,https://api.freshop.ncrcloud.com/1/products?app_key=walter_mart&fields=id%2Cidentifier%2Cattribution_token%2Creference_id%2Creference_ids%2Cupc%2Cname%2Cstore_id%2Cdepartment_id%2Csize%2Ccover_image%2Cprice%2Csale_price%2Csale_price_md%2Csale_start_date%2Csale_finish_date%2Cprice_disclaimer%2Csale_price_disclaimer%2Cis_favorite%2Crelevance%2Cpopularity%2Cshopper_walkpath%2Cfulfillment_walkpath%2Cquantity_step%2Cquantity_minimum%2Cquantity_initial%2Cquantity_label%2Cquantity_label_singular%2Cvarieties%2Cquantity_size_ratio_description%2Cstatus%2Cstatus_id%2Csale_configuration_type_id%2Cfulfillment_type_id%2Cfulfillment_type_ids%2Cother_attributes%2Cclippable_offer%2Cslot_message%2Ccall_out%2Chas_featured_offer%2Ctax_class_label%2Cpromotion_text%2Csale_offer%2Cstore_card_required%2Caverage_rating%2Creview_count%2Clike_code%2Cshelf_tag_ids%2Coffers%2Cis_place_holder_cover_image%2Cvideo_config%2Cenforce_product_inventory%2Cdisallow_adding_to_cart%2Csubstitution_type_ids%2Cunit_price%2Coffer_sale_price%2Ccanonical_url%2Coffered_together%2Csequence&include_offered_together=true&limit=48&name_sort=asc&render_id=1758971969353&sort=name&store_id=2052&token=923883b902b468b0b9ec35e08dfa33fd,,
1564405684710705601,555 Tuna Spicy Caldereta | 155g,29.75,,https://api.freshop.ncrcloud.com/1/products?app_key=walter_mart&fields=id%2Cidentifier%2Cattribution_token%2Creference_id%2Creference_ids%2Cupc%2Cname%2Cstore_id%2Cdepartment_id%2Csize%2Ccover_image%2Cprice%2Csale_price%2Csale_price_md%2Csale_start_date%2Csale_finish_date%2Cprice_disclaimer%2Csale_price_disclaimer%2Cis_favorite%2Crelevance%2Cpopularity%2Cshopper_walkpath%2Cfulfillment_walkpath%2Cquantity_step%2Cquantity_minimum%2Cquantity_initial%2Cquantity_label%2Cquantity_label_singular%2Cvarieties%2Cquantity_size_ratio_description%2Cstatus%2Cstatus_id%2Csale_configuration_type_id%2Cfulfillment_type_id%2Cfulfillment_type_ids%2Cother_attributes%2Cclippable_offer%2Cslot_message%2Ccall_out%2Chas_featured_offer%2Ctax_class_label%2Cpromotion_text%2Csale_offer%2Cstore_card_required%2Caverage_rating%2Creview_count%2Clike_code%2Cshelf_tag_ids%2Coffers%2Cis_place_holder_cover_image%2Cvideo_config%2Cenforce_product_inventory%2Cdisallow_adding_to_cart%2Csubstitution_type_ids%2Cunit_price%2Coffer_sale_price%2Ccanonical_url%2Coffered_together%2Csequence&include_offered_together=true&limit=48&name_sort=asc&render_id=1758971969353&sort=name&store_id=2052&token=923883b902b468b0b9ec35e08dfa33fd,,
1564405684702551930,5-Star Vigil Candle #70 in Glass | 1s,257.0,,https://api.freshop.ncrcloud.com/1/products?app_key=walter_mart&fields=id%2Cidentifier%2Cattribution_token%2Creference_id%2Creference_ids%2Cupc%2Cname%2Cstore_id%2Cdepartment_id%2Csize%2Ccover_image%2Cprice%2Csale_price%2Csale_price_md%2Csale_start_date%2Csale_finish_date%2Cprice_disclaimer%2Csale_price_disclaimer%2Cis_favorite%2Crelevance%2Cpopularity%2Cshopper_walkpath%2Cfulfillment_walkpath%2Cquantity_step%2Cquantity_minimum%2Cquantity_initial%2Cquantity_label%2Cquantity_label_singular%2Cvarieties%2Cquantity_size_ratio_description%2Cstatus%2Cstatus_id%2Csale_configuration_type_id%2Cfulfillment_type_id%2Cfulfillment_type_ids%2Cother_attributes%2Cclippable_offer%2Cslot_message%2Ccall_out%2Chas_featured_offer%2Ctax_class_label%2Cpromotion_text%2Csale_offer%2Cstore_card_required%2Caverage_rating%2Creview_count%2Clike_code%2Cshelf_tag_ids%2Coffers%2Cis_place_holder_cover_image%2Cvideo_config%2Cenforce_product_inventory%2Cdisallow_adding_to_cart%2Csubstitution_type_ids%2Cunit_price%2Coffer_sale_price%2Ccanonical_url%2Coffered_together%2Csequence&include_offered_together=true&limit=48&name_sort=asc&render_id=1758971969353&sort=name&store_id=2052&token=923883b902b468b0b9ec35e08dfa33fd,,
1564405684689848929,7D Dried Mango | 100g,140.0,,https://api.freshop.ncrcloud.com/1/products?app_key=walter_mart&fields=id%2Cidentifier%2Cattribution_token%2Creference_id%2Creference_ids%2Cupc%2Cname%2Cstore_id%2Cdepartment_id%2Csize%2Ccover_image%2Cprice%2Csale_price%2Csale_price_md%2Csale_start_date%2Csale_finish_date%2Cprice_disclaimer%2Csale_price_disclaimer%2Cis_favorite%2Crelevance%2Cpopularity%2Cshopper_walkpath%2Cfulfillment_walkpath%2Cquantity_step%2Cquantity_minimum%2Cquantity_initial%2Cquantity_label%2Cquantity_label_singular%2Cvarieties%2Cquantity_size_ratio_description%2Cstatus%2Cstatus_id%2Csale_configuration_type_id%2Cfulfillment_type_id%2Cfulfillment_type_ids%2Cother_attributes%2Cclippable_offer%2Cslot_message%2Ccall_out%2Chas_featured_offer%2Ctax_class_label%2Cpromotion_text%2Csale_offer%2Cstore_card_required%2Caverage_rating%2Creview_count%2Clike_code%2Cshelf_tag_ids%2Coffers%2Cis_place_holder_cover_image%2Cvideo_config%2Cenforce_product_inventory%2Cdisallow_adding_to_cart%2Csubstitution_type_ids%2Cunit_price%2Coffer_sale_price%2Ccanonical_url%2Coffered_together%2Csequence&include_offered_together=true&limit=48&name_sort=asc&render_id=1758971969353&sort=name&store_id=2052&token=923883b902b468b0b9ec35e08dfa33fd,,
1564405684702551125,7D Dried Mango | 200g,275.5,,https://api.freshop.ncrcloud.com/1/products?app_key=walter_mart&fields=id%2Cidentifier%2Cattribution_token%2Creference_id%2Creference_ids%2Cupc%2Cname%2Cstore_id%2Cdepartment_id%2Csize%2Ccover_image%2Cprice%2Csale_price%2Csale_price_md%2Csale_start_date%2Csale_finish_date%2Cprice_disclaimer%2Csale_price_disclaimer%2Cis_favorite%2Crelevance%2Cpopularity%2Cshopper_walkpath%2Cfulfillment_walkpath%2Cquantity_step%2Cquantity_minimum%2Cquantity_initial%2Cquantity_label%2Cquantity_label_singular%2Cvarieties%2Cquantity_size_ratio_description%2Cstatus%2Cstatus_id%2Csale_configuration_type_id%2Cfulfillment_type_id%2Cfulfillment_type_ids%2Cother_attributes%2Cclippable_offer%2Cslot_message%2Ccall_out%2Chas_featured_offer%2Ctax_class_label%2Cpromotion_text%2Csale_offer%2Cstore_card_required%2Caverage_rating%2Creview_count%2Clike_code%2Cshelf_tag_ids%2Coffers%2Cis_place_holder_cover_image%2Cvideo_config%2Cenforce_product_inventory%2Cdisallow_adding_to_cart%2Csubstitution_type_ids%2Cunit_price%2Coffer_sale_price%2Ccanonical_url%2Coffered_together%2Csequence&include_offered_together=true&limit=48&name_sort=asc&render_id=1758971969353&sort=name&store_id=2052&token=923883b902b468b0b9ec35e08dfa33fd,,
1564405684702503075,7Up Cherry Flavored Soda | 12oz,59.0,,https://api.freshop.ncrcloud.com/1/products?app_key=walter_mart&fields=id%2Cidentifier%2Cattribution_token%2Creference_id%2Creference_ids%2Cupc%2Cname%2Cstore_id%2Cdepartment_id%2Csize%2Ccover_image%2Cprice%2Csale_price%2Csale_price_md%2Csale_start_date%2Csale_finish_date%2Cprice_disclaimer%2Csale_price_disclaimer%2Cis_favorite%2Crelevance%2Cpopularity%2Cshopper_walkpath%2Cfulfillment_walkpath%2Cquantity_step%2Cquantity_minimum%2Cquantity_initial%2Cquantity_label%2Cquantity_label_singular%2Cvarieties%2Cquantity_size_ratio_description%2Cstatus%2Cstatus_id%2Csale_configuration_type_id%2Cfulfillment_type_id%2Cfulfillment_type_ids%2Cother_attributes%2Cclippable_offer%2Cslot_message%2Ccall_out%2Chas_featured_offer%2Ctax_class_label%2Cpromotion_text%2Csale_offer%2Cstore_card_required%2Caverage_rating%2Creview_count%2Clike_code%2Cshelf_tag_ids%2Coffers%2Cis_place_holder_cover_image%2Cvideo_config%2Cenforce_product_inventory%2Cdisallow_adding_to_cart%2Csubstitution_type_ids%2Cunit_price%2Coffer_sale_price%2Ccanonical_url%2Coffered_together%2Csequence&include_offered_together=true&limit=48&name_sort=asc&render_id=1758971969353&sort=name&store_id=2052&token=923883b902b468b0b9ec35e08dfa33fd,,
1564405684702544311,7Up Regular Soda in Can | 320ml,34.5,,https://api.freshop.ncrcloud.com/1/products?app_key=walter_mart&fields=id%2Cidentifier%2Cattribution_token%2Creference_id%2Creference_ids%2Cupc%2Cname%2Cstore_id%2Cdepartment_id%2Csize%2Ccover_image%2Cprice%2Csale_price%2Csale_price_md%2Csale_start_date%2Csale_finish_date%2Cprice_disclaimer%2Csale_price_disclaimer%2Cis_favorite%2Crelevance%2Cpopularity%2Cshopper_walkpath%2Cfulfillment_walkpath%2Cquantity_step%2Cquantity_minimum%2Cquantity_initial%2Cquantity_label%2Cquantity_label_singular%2Cvarieties%2Cquantity_size_ratio_description%2Cstatus%2Cstatus_id%2Csale_configuration_type_id%2Cfulfillment_type_id%2Cfulfillment_type_ids%2Cother_attributes%2Cclippable_offer%2Cslot_message%2Ccall_out%2Chas_featured_offer%2Ctax_class_label%2Cpromotion_text%2Csale_offer%2Cstore_card_required%2Caverage_rating%2Creview_count%2Clike_code%2Cshelf_tag_ids%2Coffers%2Cis_place_holder_cover_image%2Cvideo_config%2Cenforce_product_inventory%2Cdisallow_adding_to_cart%2Csubstitution_type_ids%2Cunit_price%2Coffer_sale_price%2Ccanonical_url%2Coffered_together%2Csequence&include_offered_together=true&limit=48&name_sort=asc&render_id=1758971969353&sort=name&store_id=2052&token=923883b902b468b0b9ec35e08dfa33fd,,
1564405684702544351,7Up Soda | 1.5L,66.0,,https://api.freshop.ncrcloud.com/1/products?app_key=walter_mart&fields=id%2Cidentifier%2Cattribution_token%2Creference_id%2Creference_ids%2Cupc%2Cname%2Cstore_id%2Cdepartment_id%2Csize%2Ccover_image%2Cprice%2Csale_price%2Csale_price_md%2Csale_start_date%2Csale_finish_date%2Cprice_disclaimer%2Csale_price_disclaimer%2Cis_favorite%2Crelevance%2Cpopularity%2Cshopper_walkpath%2Cfulfillment_walkpath%2Cquantity_step%2Cquantity_minimum%2Cquantity_initial%2Cquantity_label%2Cquantity_label_singular%2Cvarieties%2Cquantity_size_ratio_description%2Cstatus%2Cstatus_id%2Csale_configuration_type_id%2Cfulfillment_type_id%2Cfulfillment_type_ids%2Cother_attributes%2Cclippable_offer%2Cslot_message%2Ccall_out%2Chas_featured_offer%2Ctax_class_label%2Cpromotion_text%2Csale_offer%2Cstore_card_required%2Caverage_rating%2Creview_count%2Clike_code%2Cshelf_tag_ids%2Coffers%2Cis_place_holder_cover_image%2Cvideo_config%2Cenforce_product_inventory%2Cdisallow_adding_to_cart%2Csubstitution_type_ids%2Cunit_price%2Coffer_sale_price%2Ccanonical_url%2Coffered_together%2Csequence&include_offered_together=true&limit=48&name_sort=asc&render_id=1758971969353&sort=name&store_id=2052&token=923883b902b468b0b9ec35e08dfa33fd,,
1764405684715144642,7up Soda Cherry Zero Sugar | 12oz,59.0,,https://api.freshop.ncrcloud.com/1/products?app_key=walter_mart&fields=id%2Cidentifier%2Cattribution_token%2Creference_id%2Creference_ids%2Cupc%2Cname%2Cstore_id%2Cdepartment_id%2Csize%2Ccover_image%2Cprice%2Csale_price%2Csale_price_md%2Csale_start_date%2Csale_finish_date%2Cprice_disclaimer%2Csale_price_disclaimer%2Cis_favorite%2Crelevance%2Cpopularity%2Cshopper_walkpath%2Cfulfillment_walkpath%2Cquantity_step%2Cquantity_minimum%2Cquantity_initial%2Cquantity_label%2Cquantity_label_singular%2Cvarieties%2Cquantity_size_ratio_description%2Cstatus%2Cstatus_id%2Csale_configuration_type_id%2Cfulfillment_type_id%2Cfulfillment_type_ids%2Cother_attributes%2Cclippable_offer%2Cslot_message%2Ccall_out%2Chas_featured_offer%2Ctax_class_label%2Cpromotion_text%2Csale_offer%2Cstore_card_required%2Caverage_rating%2Creview_count%2Clike_code%2Cshelf_tag_ids%2Coffers%2Cis_place_holder_cover_image%2Cvideo_config%2Cenforce_product_inventory%2Cdisallow_adding_to_cart%2Csubstitution_type_ids%2Cunit_price%2Coffer_sale_price%2Ccanonical_url%2Coffered_together%2Csequence&include_offered_together=true&limit=48&name_sort=asc&render_id=1758971969353&sort=name&store_id=2052&token=923883b902b468b0b9ec35e08dfa33fd,,
5220,A.1. Steak Sauce | 5oz,167.75,,https://api.freshop.ncrcloud.com/1/products?app_key=walter_mart&fields=id%2Cidentifier%2Cattribution_token%2Creference_id%2Creference_ids%2Cupc%2Cname%2Cstore_id%2Cdepartment_id%2Csize%2Ccover_image%2Cprice%2Csale_price%2Csale_price_md%2Csale_start_date%2Csale_finish_date%2Cprice_disclaimer%2Csale_price_disclaimer%2Cis_favorite%2Crelevance%2Cpopularity%2Cshopper_walkpath%2Cfulfillment_walkpath%2Cquantity_step%2Cquantity_minimum%2Cquantity_initial%2Cquantity_label%2Cquantity_label_singular%2Cvarieties%2Cquantity_size_ratio_description%2Cstatus%2Cstatus_id%2Csale_configuration_type_id%2Cfulfillment_type_id%2Cfulfillment_type_ids%2Cother_attributes%2Cclippable_offer%2Cslot_message%2Ccall_out%2Chas_featured_offer%2Ctax_class_label%2Cpromotion_text%2Csale_offer%2Cstore_card_required%2Caverage_rating%2Creview_count%2Clike_code%2Cshelf_tag_ids%2Coffers%2Cis_place_holder_cover_image%2Cvideo_config%2Cenforce_product_inventory%2Cdisallow_adding_to_cart%2Csubstitution_type_ids%2Cunit_price%2Coffer_sale_price%2Ccanonical_url%2Coffered_together%2Csequence&include_offered_together=true&limit=48&name_sort=asc&render_id=1758971969353&sort=name&store_id=2052&token=923883b902b468b0b9ec35e08dfa33fd,,
1564405684702538394,ABC Fruit Jelly | 12s,21.0,,https://api.freshop.ncrcloud.com/1/products?app_key=walter_mart&fields=id%2Cidentifier%2Cattribution_token%2Creference_id%2Creference_ids%2Cupc%2Cname%2Cstore_id%2Cdepartment_id%2Csize%2Ccover_image%2Cprice%2Csale_price%2Csale_price_md%2Csale_start_date%2Csale_finish_date%2Cprice_disclaimer%2Csale_price_disclaimer%2Cis_favorite%2Crelevance%2Cpopularity%2Cshopper_walkpath%2Cfulfillment_walkpath%2Cquantity_step%2Cquantity_minimum%2Cquantity_initial%2Cquantity_label%2Cquantity_label_singular%2Cvarieties%2Cquantity_size_ratio_description%2Cstatus%2Cstatus_id%2Csale_configuration_type_id%2Cfulfillment_type_id%2Cfulfillment_type_ids%2Cother_attributes%2Cclippable_offer%2Cslot_message%2Ccall_out%2Chas_featured_offer%2Ctax_class_label%2Cpromotion_text%2Csale_offer%2Cstore_card_required%2Caverage_rating%2Creview_count%2Clike_code%2Cshelf_tag_ids%2Coffers%2Cis_place_holder_cover_image%2Cvideo_config%2Cenforce_product_inventory%2Cdisallow_adding_to_cart%2Csubstitution_type_ids%2Cunit_price%2Coffer_sale_price%2Ccanonical_url%2Coffered_together%2Csequence&include_offered_together=true&limit=48&name_sort=asc&render_id=1758971969353&sort=name&store_id=2052&token=923883b902b468b0b9ec35e08dfa33fd,,
1564405684711623935,Abc Sweet Sauce | 620ml,224.0,,https://api.freshop.ncrcloud.com/1/products?app_key=walter_mart&fields=id%2Cidentifier%2Cattribution_token%2Creference_id%2Creference_ids%2Cupc%2Cname%2Cstore_id%2Cdepartment_id%2Csize%2Ccover_image%2Cprice%2Csale_price%2Csale_price_md%2Csale_start_date%2Csale_finish_date%2Cprice_disclaimer%2Csale_price_disclaimer%2Cis_favorite%2Crelevance%2Cpopularity%2Cshopper_walkpath%2Cfulfillment_walkpath%2Cquantity_step%2Cquantity_minimum%2Cquantity_initial%2Cquantity_label%2Cquantity_label_singular%2Cvarieties%2Cquantity_size_ratio_description%2Cstatus%2Cstatus_id%2Csale_configuration_type_id%2Cfulfillment_type_id%2Cfulfillment_type_ids%2Cother_attributes%2Cclippable_offer%2Cslot_message%2Ccall_out%2Chas_featured_offer%2Ctax_class_label%2Cpromotion_text%2Csale_offer%2Cstore_card_required%2Caverage_rating%2Creview_count%2Clike_code%2Cshelf_tag_ids%2Coffers%2Cis_place_holder_cover_image%2Cvideo_config%2Cenforce_product_inventory%2Cdisallow_adding_to_cart%2Csubstitution_type_ids%2Cunit_price%2Coffer_sale_price%2Ccanonical_url%2Coffered_together%2Csequence&include_offered_together=true&limit=48&name_sort=asc&render_id=1758971969353&sort=name&store_id=2052&token=923883b902b468b0b9ec35e08dfa33fd,,
1564405684702551902,Abe Keni Assorted Bakery Box | 8pcs,79.0,,https://api.freshop.ncrcloud.com/1/products?app_key=walter_mart&fields=id%2Cidentifier%2Cattribution_token%2Creference_id%2Creference_ids%2Cupc%2Cname%2Cstore_id%2Cdepartment_id%2Csize%2Ccover_image%2Cprice%2Csale_price%2Csale_price_md%2Csale_start_date%2Csale_finish_date%2Cprice_disclaimer%2Csale_price_disclaimer%2Cis_favorite%2Crelevance%2Cpopularity%2Cshopper_walkpath%2Cfulfillment_walkpath%2Cquantity_step%2Cquantity_minimum%2Cquantity_initial%2Cquantity_label%2Cquantity_label_singular%2Cvarieties%2Cquantity_size_ratio_description%2Cstatus%2Cstatus_id%2Csale_configuration_type_id%2Cfulfillment_type_id%2Cfulfillment_type_ids%2Cother_attributes%2Cclippable_offer%2Cslot_message%2Ccall_out%2Chas_featured_offer%2Ctax_class_label%2Cpromotion_text%2Csale_offer%2Cstore_card_required%2Caverage_rating%2Creview_count%2Clike_code%2Cshelf_tag_ids%2Coffers%2Cis_place_holder_cover_image%2Cvideo_config%2Cenforce_product_inventory%2Cdisallow_adding_to_cart%2Csubstitution_type_ids%2Cunit_price%2Coffer_sale_price%2Ccanonical_url%2Coffered_together%2Csequence&include_offered_together=true&limit=48&name_sort=asc&render_id=1758971969353&sort=name&store_id=2052&token=923883b902b468b0b9ec35e08dfa33fd,,
1564405684702551900,Abe Keni Delicacies Assorted Brownies | 12pcs,117.0,,https://api.freshop.ncrcloud.com/1/products?app_key=walter_mart&fields=id%2Cidentifier%2Cattribution_token%2Creference_id%2Creference_ids%2Cupc%2Cname%2Cstore_id%2Cdepartment_id%2Csize%2Ccover_image%2Cprice%2Csale_price%2Csale_price_md%2Csale_start_date%2Csale_finish_date%2Cprice_disclaimer%2Csale_price_disclaimer%2Cis_favorite%2Crelevance%2Cpopularity%2Cshopper_walkpath%2Cfulfillment_walkpath%2Cquantity_step%2Cquantity_minimum%2Cquantity_initial%2Cquantity_label%2Cquantity_label_singular%2Cvarieties%2Cquantity_size_ratio_description%2Cstatus%2Cstatus_id%2Csale_configuration_type_id%2Cfulfillment_type_id%2Cfulfillment_type_ids%2Cother_attributes%2Cclippable_offer%2Cslot_message%2Ccall_out%2Chas_featured_offer%2Ctax_class_label%2Cpromotion_text%2Csale_offer%2Cstore_card_required%2Caverage_rating%2Creview_count%2Clike_code%2Cshelf_tag_ids%2Coffers%2Cis_place_holder_cover_image%2Cvideo_config%2Cenforce_product_inventory%2Cdisallow_adding_to_cart%2Csubstitution_type_ids%2Cunit_price%2Coffer_sale_price%2Ccanonical_url%2Coffered_together%2Csequence&include_offered_together=true&limit=48&name_sort=asc&render_id=1758971969353&sort=name&store_id=2052&token=923883b902b468b0b9ec35e08dfa33fd,,
1564405684702551899,Abe Keni Delicacies Assorted Brownies | 18pcs,174.0,,https://api.freshop.ncrcloud.com/1/products?app_key=walter_mart&fields=id%2Cidentifier%2Cattribution_token%2Creference_id%2Creference_ids%2Cupc%2Cname%2Cstore_id%2Cdepartment_id%2Csize%2Ccover_image%2Cprice%2Csale_price%2Csale_price_md%2Csale_start_date%2Csale_finish_date%2Cprice_disclaimer%2Csale_price_disclaimer%2Cis_favorite%2Crelevance%2Cpopularity%2Cshopper_walkpath%2Cfulfillment_walkpath%2Cquantity_step%2Cquantity_minimum%2Cquantity_initial%2Cquantity_label%2Cquantity_label_singular%2Cvarieties%2Cquantity_size_ratio_description%2Cstatus%2Cstatus_id%2Csale_configuration_type_id%2Cfulfillment_type_id%2Cfulfillment_type_ids%2Cother_attributes%2Cclippable_offer%2Cslot_message%2Ccall_out%2Chas_featured_offer%2Ctax_class_label%2Cpromotion_text%2Csale_offer%2Cstore_card_required%2Caverage_rating%2Creview_count%2Clike_code%2Cshelf_tag_ids%2Coffers%2Cis_place_holder_cover_image%2Cvideo_config%2Cenforce_product_inventory%2Cdisallow_adding_to_cart%2Csubstitution_type_ids%2Cunit_price%2Coffer_sale_price%2Ccanonical_url%2Coffered_together%2Csequence&include_offered_together=true&limit=48&name_sort=asc&render_id=1758971969353&sort=name&store_id=2052&token=923883b902b468b0b9ec35e08dfa33fd,,
1564405684704734732,Aberlour Whisky 12 year old Scotch | 700ml,4500.0,,https://api.freshop.ncrcloud.com/1/products?app_key=walter_mart&fields=id%2Cidentifier%2Cattribution_token%2Creference_id%2Creference_ids%2Cupc%2Cname%2Cstore_id%2Cdepartment_id%2Csize%2Ccover_image%2Cprice%2Csale_price%2Csale_price_md%2Csale_start_date%2Csale_finish_date%2Cprice_disclaimer%2Csale_price_disclaimer%2Cis_favorite%2Crelevance%2Cpopularity%2Cshopper_walkpath%2Cfulfillment_walkpath%2Cquantity_step%2Cquantity_minimum%2Cquantity_initial%2Cquantity_label%2Cquantity_label_singular%2Cvarieties%2Cquantity_size_ratio_description%2Cstatus%2Cstatus_id%2Csale_configuration_type_id%2Cfulfillment_type_id%2Cfulfillment_type_ids%2Cother_attributes%2Cclippable_offer%2Cslot_message%2Ccall_out%2Chas_featured_offer%2Ctax_class_label%2Cpromotion_text%2Csale_offer%2Cstore_card_required%2Caverage_rating%2Creview_count%2Clike_code%2Cshelf_tag_ids%2Coffers%2Cis_place_holder_cover_image%2Cvideo_config%2Cenforce_product_inventory%2Cdisallow_adding_to_cart%2Csubstitution_type_ids%2Cunit_price%2Coffer_sale_price%2Ccanonical_url%2Coffered_together%2Csequence&include_offered_together=true&limit=48&name_sort=asc&render_id=1758971969353&sort=name&store_id=2052&token=923883b902b468b0b9ec35e08dfa33fd,,
1564405684702558079,A Bonne Milk Power Lightening Lotion Double Collagen | 300ml,225.0,,https://api.freshop.ncrcloud.com/1/products?app_key=walter_mart&fields=id%2Cidentifier%2Cattribution_token%2Creference_id%2Creference_ids%2Cupc%2Cname%2Cstore_id%2Cdepartment_id%2Csize%2Ccover_image%2Cprice%2Csale_price%2Csale_price_md%2Csale_start_date%2Csale_finish_date%2Cprice_disclaimer%2Csale_price_disclaimer%2Cis_favorite%2Crelevance%2Cpopularity%2Cshopper_walkpath%2Cfulfillment_walkpath%2Cquantity_step%2Cquantity_minimum%2Cquantity_initial%2Cquantity_label%2Cquantity_label_singular%2Cvarieties%2Cquantity_size_ratio_description%2Cstatus%2Cstatus_id%2Csale_configuration_type_id%2Cfulfillment_type_id%2Cfulfillment_type_ids%2Cother_attributes%2Cclippable_offer%2Cslot_message%2Ccall_out%2Chas_featured_offer%2Ctax_class_label%2Cpromotion_text%2Csale_offer%2Cstore_card_required%2Caverage_rating%2Creview_count%2Clike_code%2Cshelf_tag_ids%2Coffers%2Cis_place_holder_cover_image%2Cvideo_config%2Cenforce_product_inventory%2Cdisallow_adding_to_cart%2Csubstitution_type_ids%2Cunit_price%2Coffer_sale_price%2Ccanonical_url%2Coffered_together%2Csequence&include_offered_together=true&limit=48&name_sort=asc&render_id=1758971969353&sort=name&store_id=2052&token=923883b902b468b0b9ec35e08dfa33fd,,
1564405684702558077,A Bonne Milk Power Lightening Lotion Triple Collagen | 500ml,345.0,,https://api.freshop.ncrcloud.com/1/products?app_key=walter_mart&fields=id%2Cidentifier%2Cattribution_token%2Creference_id%2Creference_ids%2Cupc%2Cname%2Cstore_id%2Cdepartment_id%2Csize%2Ccover_image%2Cprice%2Csale_price%2Csale_price_md%2Csale_start_date%2Csale_finish_date%2Cprice_disclaimer%2Csale_price_disclaimer%2Cis_favorite%2Crelevance%2Cpopularity%2Cshopper_walkpath%2Cfulfillment_walkpath%2Cquantity_step%2Cquantity_minimum%2Cquantity_initial%2Cquantity_label%2Cquantity_label_singular%2Cvarieties%2Cquantity_size_ratio_description%2Cstatus%2Cstatus_id%2Csale_configuration_type_id%2Cfulfillment_type_id%2Cfulfillment_type_ids%2Cother_attributes%2Cclippable_offer%2Cslot_message%2Ccall_out%2Chas_featured_offer%2Ctax_class_label%2Cpromotion_text%2Csale_offer%2Cstore_card_required%2Caverage_rating%2Creview_count%2Clike_code%2Cshelf_tag_ids%2Coffers%2Cis_place_holder_cover_image%2Cvideo_config%2Cenforce_product_inventory%2Cdisallow_adding_to_cart%2Csubstitution_type_ids%2Cunit_price%2Coffer_sale_price%2Ccanonical_url%2Coffered_together%2Csequence&include_offered_together=true&limit=48&name_sort=asc&render_id=1758971969353&sort=name&store_id=2052&token=923883b902b468b0b9ec35e08dfa33fd,,
1564405684702558078,A Bonne Miracle Spa Milk White Glutathione Lotion | 500ml,345.0,,https://api.freshop.ncrcloud.com/1/products?app_key=walter_mart&fields=id%2Cidentifier%2Cattribution_token%2Creference_id%2Creference_ids%2Cupc%2Cname%2Cstore_id%2Cdepartment_id%2Csize%2Ccover_image%2Cprice%2Csale_price%2Csale_price_md%2Csale_start_date%2Csale_finish_date%2Cprice_disclaimer%2Csale_price_disclaimer%2Cis_favorite%2Crelevance%2Cpopularity%2Cshopper_walkpath%2Cfulfillment_walkpath%2Cquantity_step%2Cquantity_minimum%2Cquantity_initial%2Cquantity_label%2Cquantity_label_singular%2Cvarieties%2Cquantity_size_ratio_description%2Cstatus%2Cstatus_id%2Csale_configuration_type_id%2Cfulfillment_type_id%2Cfulfillment_type_ids%2Cother_attributes%2Cclippable_offer%2Cslot_message%2Ccall_out%2Chas_featured_offer%2Ctax_class_label%2Cpromotion_text%2Csale_offer%2Cstore_card_required%2Caverage_rating%2Creview_count%2Clike_code%2Cshelf_tag_ids%2Coffers%2Cis_place_holder_cover_image%2Cvideo_config%2Cenforce_product_inventory%2Cdisallow_adding_to_cart%2Csubstitution_type_ids%2Cunit_price%2Coffer_sale_price%2Ccanonical_url%2Coffered_together%2Csequence&include_offered_together=true&limit=48&name_sort=asc&render_id=1758971969353&sort=name&store_id=2052&token=923883b902b468b0b9ec35e08dfa33fd,,
1564405684702558076,A Bonne Spa Milk Salt 2 in 1 Tube | 350g,190.0,,https://api.freshop.ncrcloud.com/1/products?app_key=walter_mart&fields=id%2Cidentifier%2Cattribution_token%2Creference_id%2Creference_ids%2Cupc%2Cname%2Cstore_id%2Cdepartment_id%2Csize%2Ccover_image%2Cprice%2Csale_price%2Csale_price_md%2Csale_start_date%2Csale_finish_date%2Cprice_disclaimer%2Csale_price_disclaimer%2Cis_favorite%2Crelevance%2Cpopularity%2Cshopper_walkpath%2Cfulfillment_walkpath%2Cquantity_step%2Cquantity_minimum%2Cquantity_initial%2Cquantity_label%2Cquantity_label_singular%2Cvarieties%2Cquantity_size_ratio_description%2Cstatus%2Cstatus_id%2Csale_configuration_type_id%2Cfulfillment_type_id%2Cfulfillment_type_ids%2Cother_attributes%2Cclippable_offer%2Cslot_message%2Ccall_out%2Chas_featured_offer%2Ctax_class_label%2Cpromotion_text%2Csale_offer%2Cstore_card_required%2Caverage_rating%2Creview_count%2Clike_code%2Cshelf_tag_ids%2Coffers%2Cis_place_holder_cover_image%2Cvideo_config%2Cenforce_product_inventory%2Cdisallow_adding_to_cart%2Csubstitution_type_ids%2Cunit_price%2Coffer_sale_price%2Ccanonical_url%2Coffered_together%2Csequence&include_offered_together=true&limit=48&name_sort=asc&render_id=1758971969353&sort=name&store_id=2052&token=923883b902b468b0b9ec35e08dfa33fd,,
1564405684702558072,A Bonne Spa Milk Salt | 350g,95.0,,https://api.freshop.ncrcloud.com/1/products?app_key=walter_mart&fields=id%2Cidentifier%2Cattribution_token%2Creference_id%2Creference_ids%2Cupc%2Cname%2Cstore_id%2Cdepartment_id%2Csize%2Ccover_image%2Cprice%2Csale_price%2Csale_price_md%2Csale_start_date%2Csale_finish_date%2Cprice_disclaimer%2Csale_price_disclaimer%2Cis_favorite%2Crelevance%2Cpopularity%2Cshopper_walkpath%2Cfulfillment_walkpath%2Cquantity_step%2Cquantity_minimum%2Cquantity_initial%2Cquantity_label%2Cquantity_label_singular%2Cvarieties%2Cquantity_size_ratio_description%2Cstatus%2Cstatus_id%2Csale_configuration_type_id%2Cfulfillment_type_id%2Cfulfillment_type_ids%2Cother_attributes%2Cclippable_offer%2Cslot_message%2Ccall_out%2Chas_featured_offer%2Ctax_class_label%2Cpromotion_text%2Csale_offer%2Cstore_card_required%2Caverage_rating%2Creview_count%2Clike_code%2Cshelf_tag_ids%2Coffers%2Cis_place_holder_cover_image%2Cvideo_config%2Cenforce_product_inventory%2Cdisallow_adding_to_cart%2Csubstitution_type_ids%2Cunit_price%2Coffer_sale_price%2Ccanonical_url%2Coffered_together%2Csequence&include_offered_together=true&limit=48&name_sort=asc&render_id=1758971969353&sort=name&store_id=2052&token=923883b902b468b0b9ec35e08dfa33fd,,
